ID,Name,Date of birth,parameter 1,parameter 2,parameter 3,parameter 4,Generation,,,
1233,FKTG,28-Mar-10,97.19376,32.28727,0.4337,0.76992,Gen Z,,,
1234,KMMN,12-Mar-77,50.53793,93.12965,0.70865,0.97045,Boomer,,,
1235,KLQL,18-Mar-16,63.73912,67.06967,0.45242,0.73649,Gen Z,,,
1236,NNAZ,2-Sep-91,91.76427,65.37091,0.42203,0.76325,Boomer,,,
1237,PCHB,15-Jan-83,67.04362,23.79005,0.17788,0.81918,Boomer,,,
1238,LGLD,10-Feb-72,69.72824,72.5461,0.66255,0.19305,Boomer,,,
1239,RLHC,28-Jul-10,35.46772,94.47666,0.29502,0.0777,Gen Z,,,
1240,ZXSI,14-Nov-18,89.93195,31.11918,0.10398,0.8492,Gen Z,,,
1241,YBUH,22-Jul-24,5.59313,61.53444,0.56678,0.60326,Gen Z,,,
1242,TQXH,12-Oct-73,15.49925,96.45417,0.21406,0.34646,Boomer,,,
1243,UBXY,5-Feb-15,91.32755,95.16332,0.49096,0.91154,Gen Z,,,
1244,IZFC,15-Jan-24,62.84336,22.60439,0.65736,0.52154,Gen Z,,,
1245,TZYT,10-Jul-12,15.15458,18.21475,0.76452,0.72039,Gen Z,,,
1246,UAAQ,2-Jun-11,26.19352,50.83097,0.45663,0.90222,Gen Z,,,
1247,DLEO,1-Jan-12,47.73341,99.94881,0.70411,0.16059,Gen Z,,,
1248,TKGQ,26-Jan-92,21.83912,27.14552,0.62833,0.26864,Boomer,,,
1249,JNCS,8-May-96,6.34219,39.72073,0.57708,0.00576,Boomer,,,
1250,ZYZS,21-Feb-75,31.70205,60.59484,0.95574,0.22693,Boomer,,,
1251,CIFY,3-Oct-70,68.51103,90.81046,0.96364,0.96328,Boomer,,,
1252,LHGB,30-Mar-84,24.30598,92.83416,0.08341,0.12135,Boomer,,,
1253,IHZV,26-Jul-23,89.31413,98.82573,0.86336,0.02094,Gen Z,,,
1254,KAQM,13-Jul-93,93.04145,92.71896,0.21865,0.34386,Boomer,,,
1255,SKPS,9-Nov-73,91.29575,65.74497,0.73508,0.52476,Boomer,,,
1256,ZPUN,30-Oct-20,10.96246,24.76033,0.27826,0.53907,Gen Z,,,
1257,KTRF,27-Jan-20,78.14967,44.29706,0.89348,0.11922,Gen Z,,,
1258,BQZY,6-Jul-15,37.90304,89.01752,0.57633,0.22657,Gen Z,,,
1259,GWWH,29-Nov-85,11.46826,81.01687,0.11015,0.03965,Boomer,,,
1260,ZLDM,12-Jan-72,84.65814,30.88944,0.65359,0.17652,Boomer,,,
1261,OKNM,25-Aug-91,7.64289,23.93425,0.82403,0.83363,Boomer,,,
1262,EYNZ,30-Apr-77,21.12096,9.77192,0.58571,0.34109,Boomer,,,
1263,NEUV,7-Oct-77,79.8534,62.83378,0.07466,0.35504,Boomer,,,
1264,FWYV,11-Aug-24,13.26466,51.52493,0.39331,0.30437,Gen Z,,,
1265,EQQE,22-Nov-22,96.31629,86.00859,0.23002,0.99025,Gen Z,,,
1266,KSME,23-May-72,67.08266,69.02453,0.54569,0.10294,Boomer,,,
1267,XIFK,2-Sep-96,99.7345,66.99136,0.84139,0.582,Boomer,,,
1268,ARAE,27-Dec-13,28.40948,21.02927,0.3561,0.15132,Gen Z,,,
1269,PEZW,5-Jan-19,70.62348,91.01521,0.79666,0.17914,Gen Z,,,
1270,NGYX,18-Sep-06,58.73206,87.77517,0.98522,0.50415,Gen Z,,,
1271,HARY,24-Nov-07,57.73233,88.79493,0.64583,0.70047,Gen Z,,,
1272,BXUU,15-Oct-16,79.84926,67.6734,44495,0.82416,Gen Z,,,
1273,TQXU,10-Jun-12,92.81083,53.9216,0.72382,0.09616,Gen Z,,,
1274,XIAN,18-Oct-83,8.6153,30.56218,0.86743,0.21915,Boomer,,,
1275,JKFI,7-Aug-96,7192865,33.62521,0.38196,0.69825,Boomer,,,
1276,GERI,18-Feb-71,71.55995,72.74615,0.57751,0.86882,Boomer,,,
1277,DKOJ,18-Oct-09,75.67003,83.71152,0.89143,0.37037,Gen Z,,,
1278,YSNJ,24-Jan-13,99.6389,82.08297,0.21929,0.08979,Gen Z,,,
1279,PXRD,27-Jan-16,67.62262,12.68971,0.42359,0.02479,Gen Z,,,
1280,YMKS,20-Mar-07,78.93382,90.82511,0.09666,0.30792,Gen Z,,,
1281,HCHH,9-Jun-78,12.86541,6.94268,0.32643,0.43723,Boomer,,,
1282,PNLF,2-May-83,97.07647,5.82449,0.64495,0.83319,Boomer,,,
1283,JZGZ,19-Mar-85,36.57151,62.31639,0.07476,0.27842,Boomer,,,
1284,HKYC,9-Apr-89,75.28219,31.03084,0.9375,0.25706,Boomer,,,
1285,OQBZ,1-Dec-81,48.80933,78.68342,0.36184,0.94905,Boomer,,,
1286,WJPW,29-Aug-75,94.23781,62.09867,0.08642,0.96739,Boomer,,,
1287,HWWC,5-Jun-04,95.41484,98.05717,0.01042,0.42618,Gen Z,,,
1288,DXIV,14-May-01,53.64312,21.40671,0.11741,0.6225,Gen Z,,,
1289,WBFS,6-Sep-15,36.41826,51.79298,0.63562,0.44416,Gen Z,,,
1290,KSQW,2-Apr-95,27.48812,3.29512,0.43219,0.57955,Boomer,,,
1291,YDRJ,6-Jul-09,72.60662,65.54186,0.05663,0.28781,Gen Z,,,
1292,DTNJ,30-Sep-13,94.29805,42.56808,0.39127,0.22038,Gen Z,,,
1293,LLIZ,3-Sep-85,2.44111,30.91803,0.39871,0.14909,Boomer,,,
1294,UMSS,10-May-96,84.85413,80.96184,0.90503,0.74258,Boomer,,,
1295,CBCV,21-Aug-70,45.42267,56.12715,0.77874,0.96181,Boomer,,,
1296,VSEW,27-Feb-92,97.84311,2.20644,0.11558,0.70453,Boomer,,,
1297,VCHH,13-Nov-20,26.75214,11.98043,0.57243,0.05691,Gen Z,,,
1298,SYZM,24-Feb-06,48.61352,46.91287,0.26363,0.41453,Gen Z,,,
1299,CYVU,20-May-24,66.18709,57.10761,0.90301,0.39349,Gen Z,,,
1300,FYIR,2-Mar-89,99.60323,99.99548,0.868,0.53554,Boomer,,,
1301,EUOT,10-Jul-83,64.33751,81.74228,0.25717,0.77293,Boomer,,,
1302,VLQR,25-Jan-70,17.93723,32.47287,0.00058,0.73189,Boomer,,,
1303,DCTZ,10-Apr-81,82.63738,23.89311,0.69247,0.13055,Boomer,,,
1304,AYXD,11-Mar-84,95.74162,27.7321,0.69525,0.13606,Boomer,,,
1305,BATR,27-Sep-75,46.44344,50.26461,0.01969,0.60205,Boomer,,,
1306,FRED,20-Dec-93,44.45766,21.78727,0.50408,0.34187,Boomer,,,
1307,CNST,11-Sep-87,,14.95901,0.35881,0.81475,Boomer,,,
1308,SWKB,19-Sep-08,65.07714,46.49045,0.50289,0.55956,Gen Z,,,
1309,BSZM,22-Mar-88,8.37339,16.36268,0.1258,0.804,Boomer,,,
1310,VQMB,1-Oct-91,29.11857,19.84468,0.63407,0.56943,Boomer,,,
1311,AKSU,10-Jun-70,46.86159,31.45105,0.04056,0.10289,Boomer,,,
1312,NUJY,12-Jun-86,13.11041,32.36182,0.72632,0.26142,Boomer,,,
1313,WYQF,30-May-92,69.10441,67.03419,0.35454,0.77995,Boomer,,,
1314,MVIK,5-Feb-88,90.55842,74.64246,0.00139,0.9623,Boomer,,,
1315,APCW,6-Apr-71,39.38863,21.77279,0.92334,0.19791,Boomer,,,
1316,JTQC,18-Jul-76,43.49419,7.2941,0.13529,0.66191,Boomer,,,
1317,WJKF,24-Jan-12,85.14697,11.08524,0.37325,0.22117,Gen Z,,,
1318,OOEB,5-Nov-98,82.05024,95.73192,0.47593,0.45561,Boomer,,,
1319,ESAG,28-May-20,52.04684,54.65943,0.71048,0.37657,Gen Z,,,
1320,CGDV,27-Oct-19,7.11222,17.39871,0.7786,0.70838,Gen Z,,,
1321,MFDC,8-Apr-19,70.60308,74.40549,0.93253,0.16152,Gen Z,,,
1322,ZUFS,25-Aug-75,49.10731,19.06449,0.27992,0.4752,Boomer,,,
1323,ESKY,9-Jan-24,79.94139,26.53356,0.47624,0.53135,Gen Z,,,
1324,FUVS,20-Oct-90,92.36338,35.90054,0.56402,0.92635,Boomer,,,
1325,DHDH,1-Aug-05,33.11672,4.63074,0.23284,0.83561,Gen Z,,,
1326,XVCR,5-Aug-70,17.22921,50.50631,0.71601,0.62174,Boomer,,,
1327,YWNU,31-Oct-78,78.61201,93.76519,0.13244,0.39429,Boomer,,,
1328,ANMC,20-Jul-07,80.51756,51.38273,0.99392,0.98366,Gen Z,,,
1329,MEEM,18-Jul-20,84.62582,80.89011,0.72419,0.13527,Gen Z,,,
1330,XPNO,5-Feb-98,46.11951,36.52321,0.15917,0.83684,Boomer,,,
1331,KZXK,2-Sep-13,39.49874,13.43911,0.35964,0.42126,Gen Z,,,
1332,LBLE,19-Feb-88,77.42888,43.2241,0.53607,0.68855,Boomer,,,
1333,YOQU,11-Aug-95,45.14765,14.38882,0.56843,0.41993,Boomer,,,
1334,JTYC,17-Oct-75,20.88202,37.12968,0.27118,0.00819,Boomer,,,
1335,EGRO,20-Jun-18,3.3782,96.39728,0.35851,0.61604,Gen Z,,,
1336,QUAS,12-Aug-17,84.57074,16.65,0.98194,0.53961,Gen Z,,,
1337,FQUB,22-Oct-13,94.06613,83.80128,0.42678,0.10357,Gen Z,,,
1338,IWHY,13-Dec-05,30.22627,2.80749,0.71568,0.79931,Gen Z,,,
1339,RNUP,18-Sep-70,39.54546,11.1956,0.56977,0.43821,Boomer,,,
1340,UBAF,13-Mar-90,87.55925,91.09657,0.72985,0.1844,Boomer,,,
1341,PZHT,15-Apr-07,91.58404,16.31611,0.04997,0.25998,Gen Z,,,
1342,YKQL,21-Feb-90,83.95199,86.33944,0.77881,0.90024,Boomer,,,
1343,ZYPN,29-Jul-20,75.68262,93.42072,0.59427,0.68578,Gen Z,,,
1344,QNMI,1-Jun-08,13.63394,17.05959,0.15116,0.30153,Gen Z,,,
1345,SNEK,25-Jun-03,68.96286,54.6744,0.9426,0.93864,Gen Z,,,
1346,QJGT,22-May-16,76.87885,23.84131,0.07295,0.31055,Gen Z,,,
1347,RLWF,30-Oct-06,96.15213,,0.26273,0.44269,Gen Z,,,
1348,BMGO,27-Jul-74,50.8242,38.28853,0.96048,0.52779,Boomer,,,
1349,RMGH,7-Dec-08,64.80891,1.13204,0.18285,0.85545,Gen Z,,,
1350,HABZ,20-Feb-05,56.49827,79.02149,0.14198,0.68956,Gen Z,,,
1351,VMDN,4-Sep-94,14.12193,33.3643,0.32449,0.13584,Boomer,,,
1352,QKVZ,3-May-72,92.72881,69.33294,0.75636,0.77051,Boomer,,,
1353,YCOB,24-Jul-90,57.61343,92.07878,0.64099,0.48983,Boomer,,,
1354,ERSZ,10-Feb-78,83.34493,70.01377,0.63232,0.31503,Boomer,,,
1355,UXMS,6-Jul-08,72.92182,69.1755,0.62084,0.14833,Gen Z,,,
1356,IKQO,21-Aug-98,87.42555,55.17437,0.70102,0.55571,Boomer,,,
1357,SEBU,2-Mar-77,6.7535,51.26503,0.19889,0.52732,Boomer,,,
1358,DVSS,30-Oct-97,74.10156,67.05064,0.70678,0.92392,Boomer,,,
1359,CNDK,5-Aug-71,63.70779,27.39242,0.52238,0.77141,Boomer,,,
1360,LCWF,8-Jul-03,68.3137,94.71082,0.73544,0.46589,Gen Z,,,
1361,ZSFY,26-Jul-76,82.47706,88.8358,0.71193,0.34193,Boomer,,,
1362,OETJ,19-Oct-21,23.0659,47.73551,0.00061,0.44109,Gen Z,,,
1363,KDVK,2-Oct-89,38.1702,58.46832,0.93765,0.25664,Boomer,,,
1364,HNOE,30-Oct-00,49.34643,72.24066,0.53431,0.32692,Gen Z,,,
1365,TQIA,25-Oct-10,50.55857,99.04716,0.97835,0.09394,Gen Z,,,
1366,MORP,12-Jan-22,95.78238,10.14053,0.84636,0.95806,Gen Z,,,
1367,RDPC,5-Apr-17,76.77224,64.05105,0.1183,0.82792,Gen Z,,,
1368,PMFB,17-Aug-02,63.02698,84.7624,0.80125,0.23605,Gen Z,,,
1369,KVGS,1-Apr-80,50.86881,27.0672,0.29352,0.17146,Boomer,,,
1370,VTEZ,23-Nov-78,93.92952,32.2654,0.03213,0.91957,Boomer,,,
1371,ZECX,3-Feb-24,40.71582,94.13234,0.22932,0.79787,Gen Z,,,
1372,BKDA,28-Mar-99,28.57827,99.83916,0.27782,0.93821,Boomer,,,
1373,PLGM,7-Jul-13,44.43154,68.9251,0.29491,0.19113,Gen Z,,,
1374,GPRR,20-Apr-19,97.28692,30.91122,0.28945,0.46208,Gen Z,,,
1375,UAEN,14-Aug-15,24.93256,25.6515,0.46944,0.09661,Gen Z,,,
1376,UWBW,1-Nov-82,57.16584,82.40603,0.29526,0.47186,Boomer,,,
1377,HMEZ,15-Apr-15,37.0218,18.54288,0.38659,0.16031,Gen Z,,,
1378,KBUS,10-Oct-77,92.65197,57.01773,0.35368,0.63227,Boomer,,,
1379,LYYC,1-Dec-17,95.32596,90.94448,0.72008,0.51293,Gen Z,,,
1380,CUJO,20-Oct-97,62.36539,16.90054,0.60927,0.18077,Boomer,,,
1381,HKZO,27-Mar-23,73.00383,77.04209,0.6135,0.99424,Gen Z,,,
1382,CHCK,14-Mar-94,33.34046,83.74574,0.02115,0.66707,Boomer,,,
1383,OKQQ,16-Aug-84,20.92519,81.28688,0.29793,0.69343,Boomer,,,
1384,FKWS,3-Feb-79,76.06463,87.91023,0.16936,0.7154,Boomer,,,
1385,YMBN,22-Mar-78,81.94394,,0.93401,0.85457,Boomer,,,
1386,DMUM,4-Nov-06,24.89061,52.81314,0.68605,0.47412,Gen Z,,,
1387,IFOB,18-Sep-90,80.27066,1.8766,0.64068,0.46204,Boomer,,,
1388,HYMZ,14-Sep-93,78.12249,72.68686,0.67077,0.69387,Boomer,,,
1389,OGVS,26-Sep-15,60.80855,26.67359,0.37817,0.77839,Gen Z,,,
1390,JJKJ,29-Oct-86,74.03852,60.98933,0.06148,0.2427,Boomer,,,
1391,UHRA,17-Sep-91,8.90293,48.76656,0.48814,0.43683,Boomer,,,
1392,PKSM,3-Jun-88,24.4374,85.03374,0.71588,0.99281,Boomer,,,
1393,LDGV,14-Mar-96,57.14895,84.28343,0.16317,0.00744,Boomer,,,
1394,YJJB,6-May-02,95.51256,72.49809,0.953,0.94305,Gen Z,,,
1395,YTPW,24-Aug-99,10.83005,14.90134,0.77309,0.88878,Boomer,,,
1396,VSKY,21-Apr-96,32.26092,62.53944,0.32647,0.56358,Boomer,,,
1397,SYOO,2-Oct-13,47.51383,38.63367,0.8402,0.24242,Gen Z,,,
1398,UXXA,30-Jun-20,84.07373,96.82291,0.9252,0.37321,Gen Z,,,
1399,XUUK,26-Oct-00,61.54571,87.42842,0.67174,0.65622,Gen Z,,,
1400,JGWB,11-Apr-22,97.77053,99.31872,0.48755,0.02915,Gen Z,,,
1401,XULR,18-Dec-91,96.77498,92.45347,0.78444,0.97331,Boomer,,,
1402,AJVK,28-Aug-23,4.06769,50.98678,,0.9177,Gen Z,,,
1403,CZSB,5-Oct-88,4.867,64.38014,,0.53873,Boomer,,,
1404,BACF,15-Oct-09,37.41955,50.26958,,0.82704,Gen Z,,,
1405,SYOR,13-Apr-78,20.73795,56.44759,0.4503,0.06708,Boomer,,,
1406,RZLG,9-Jan-88,68.10114,68.94831,0.46488,0.05575,Boomer,,,
1407,DAOM,27-Jul-14,44.86448,1.75391,0.17176,0.63998,Gen Z,,,
1408,BWOL,9-Aug-92,74.37527,13.56254,0.56075,0.66089,Boomer,,,
1409,EPSS,11-Aug-80,43.21079,35.88849,0.26059,0.83584,Boomer,,,
1410,OQMV,7-Mar-17,18.06862,9.97852,0.16379,0.89035,Gen Z,,,
1411,LTKM,3-Apr-92,48.40441,16.9,0.2064,0.51655,Boomer,,,
1412,PEHZ,18-Sep-13,92.09167,44.11274,0.8226,0.61134,Gen Z,,,
1413,ADEU,5-Nov-16,54.65401,97.46325,0.19942,0.24821,Gen Z,,,
1414,SRGU,1-Oct-23,7.58559,68.58382,0.58511,0.42271,Gen Z,,,
1415,NKAO,10-May-94,47.77653,83.16807,0.43105,0.23503,Boomer,,,
1416,CPBT,15-Jan-22,5.40761,16.74903,0.48757,0.95124,Gen Z,,,
1417,GITA,21-Sep-03,55.23668,63.00069,0.24827,0.03626,Gen Z,,,
1418,KVVD,3-Jun-79,14.75365,91.54821,0.42283,0.44195,Boomer,,,
1419,ADPM,23-Jan-08,40.38309,26.42552,0.2307,0.7623,Gen Z,,,
1420,FOLY,30-Oct-06,54.84063,91.49733,0.65891,0.40928,Gen Z,,,
1421,JEXF,8-Jul-82,72.46201,20.784,0.95145,0.23846,Boomer,,,
1422,EAYF,28-May-98,34.36702,27.35268,0.70349,0.64145,Boomer,,,
1423,MLVI,23-Dec-98,46.24414,15.39094,0.7742,0.1567,Boomer,,,
1424,HZMZ,26-Feb-95,25.25122,50.73911,0.87045,0.97255,Boomer,,,
1425,VQIE,27-Mar-84,62.10438,43.68895,0.70739,0.54076,android,,,
1426,VWCH,31-Mar-90,75.97796,12.49166,0.66439,0.70277,Boomer,,,
1427,QRPN,12-Apr-24,89.83636,14.19632,0.57211,0.25261,Gen Z,,,
1428,CNUM,3-Sep-97,57.02295,10.50644,0.13838,0.39025,Boomer,,,
1429,TBXA,8-Jul-98,83.09217,70.78491,0.49605,0.52087,Boomer,,,
1430,BMHE,27-Oct-14,51.53902,44.98466,0.0205,0.07499,Gen Z,,,
1431,QRRM,12-Jan-01,26.6323,65.52806,0.43716,0.45771,Gen Z,,,
1432,XZTN,20-Sep-03,58.07706,88.00589,0.73852,0.11231,Gen Z,,,
1433,YMKV,16-May-70,45.38664,16.07228,0.934,0.94107,Boomer,,,
1434,XUQW,18-Dec-02,42.09255,9.0632,0.00283,0.70621,Gen Z,,,
1435,XHPQ,17-Jan-05,75.49168,39.78939,0.36024,0.4511,Gen Z,,,
1436,DRBY,7-Jan-85,20.27879,81.33987,0.6792,0.26722,Boomer,,,
1437,OQEY,21-Jan-13,32.88424,66.65224,0.64226,0.30573,Gen Z,,,
1438,TIFH,29-Jun-77,22.85141,6.95373,0.84174,0.48368,Boomer,,,
1439,VIDA,16-Feb-85,31.2409,87.81257,0.40172,0.21363,Boomer,,,
1440,XUYM,29-Jun-86,65.11537,87.091,0.72542,0.07278,Boomer,,,
1441,WUPR,22-Apr-00,1.39454,16.33663,0.55991,0.09808,Gen Z,,,
1442,QOPB,31-Jul-79,91.46653,79.9721,0.9784,0.86361,Boomer,,,
1443,GTLT,6-Apr-02,10.33785,56.17833,0.62206,0.53573,Gen Z,,,
1444,SKUD,17-Jul-16,57.07929,24.49298,0.86574,0.81676,Gen Z,,,
1445,SFNF,22-Sep-99,75.22874,83.99025,0.09604,0.76339,Boomer,,,
1446,GWXE,19-Oct-96,91.33934,67.92506,0.36511,0.46238,Boomer,,,
1447,FKDX,12-Mar-77,84.7342,24.46642,0.97749,0.9205,Boomer,,,
1448,XUEV,19-Sep-92,75.66967,57.39146,0.63678,0.11033,Boomer,,,
1449,WORE,30-Mar-75,91.3651,21.06026,0.63746,0.63073,Boomer,,,
1450,XDUF,14-May-03,81.27246,8.88384,0.93306,0.60957,Gen Z,,,
1451,PUWA,26-May-04,60.48332,42.10506,0.82553,0.46803,Gen Z,,,
1452,YVLL,16-Jul-70,38.93615,72.27802,0.51088,0.76364,Boomer,,,
1453,DZJW,8-Feb-04,43.81598,98.09517,0.25307,0.36046,Gen Z,,,
1454,UMMG,27-Dec-71,83.26299,34.10583,0.87757,0.75618,Boomer,,,
1455,XUGU,22-Jul-20,91.22634,57.17213,0.40251,0.60012,Gen Z,,,
1456,KDOC,5-Nov-08,40.60997,83.09138,0.88433,0.92053,Gen Z,,,
1457,RUIN,6-May-23,77.65926,32.94691,0.36412,0.18888,Gen Z,,,
1458,UWGD,15-Feb-98,43.7415,91.44006,0.94932,0.93092,Boomer,,,
1459,JULL,21-Nov-13,47.37731,18.18693,0.65418,0.12939,Gen Z,,,
1460,IQDR,10-Apr-15,47.55797,93.26147,0.88263,0.58355,Gen Z,,,
1461,UNGX,26-Aug-10,39.17588,68.83675,0.64735,0.16761,Gen Z,,,
1462,KCME,6-Sep-06,22.91086,82.85726,0.40848,0.97881,Gen Z,,,
1463,PRXD,14-Aug-22,96.23112,36.33138,0.84567,0.78477,Gen Z,,,
1464,JHEV,22-Feb-79,34.90619,96.23763,0.96851,0.57587,Boomer,,,
1465,UBNU,13-May-05,78.48231,1.39684,0.73645,0.16311,Gen Z,,,
1466,VJGN,17-Jul-84,83.14622,3.33974,0.31839,0.31234,Boomer,,,
1467,FOZL,20-Jun-71,74.34584,53.14485,0.46941,0.88987,Boomer,,,
1468,QKEU,13-Nov-92,50.34954,30.81202,0.20846,0.49324,Boomer,,,
1469,OYGS,28-Jan-19,82.31436,10.77124,0.77794,0.72768,Gen Z,,,
1470,LBJQ,8-Oct-24,89.58706,37.46295,0.90934,0.77668,Gen Z,,,
1471,NDSQ,20-Apr-87,50.17163,52.37186,0.73892,0.36402,Boomer,,,
1472,OYHZ,28-Jul-76,89.24879,41.28393,0.2281,0.41534,Boomer,,,
1473,QQGZ,4-May-96,28.54717,95.58727,0.65921,0.98914,Boomer,,,
1474,EYLK,31-Dec-72,26.88927,52.99553,0.80628,0.99629,Boomer,,,
1475,JAGQ,30-Aug-01,44.71655,94.72467,0.87248,0.34834,Gen Z,,,
1476,DREH,13-Apr-98,46.00356,95.91155,0.81586,0.53566,Boomer,,,
1477,SPEH,18-Apr-02,53.27641,62.64013,0.74344,0.89044,Gen Z,,,
1478,WENY,16-Jul-72,19.82532,44.33859,0.87748,0.11119,Boomer,,,
1479,RIMS,13-Oct-80,7.9726,73.17005,0.18684,0.65791,Boomer,,,
1480,PFBA,6-Sep-83,78.43738,35.26493,0.07989,0.16757,Boomer,,,
1481,QXQA,1-Sep-74,24.80305,72.09114,0.25083,0.91358,Boomer,,,
1482,DAEI,26-Nov-17,87.07012,67.63328,0.57622,0.88701,Gen Z,,,
1483,YVBO,29-Jul-06,48.1439,55.04037,0.12242,0.01863,Gen Z,,,
1484,RHEU,27-Oct-78,73.92154,14.30958,0.5078,0.75503,Boomer,,,
1485,XBHG,17-Jan-01,64.30258,6.60642,0.89922,0.19102,Gen Z,,,
1486,UGIL,28-Jun-98,76.53585,35.59568,0.75754,0.21785,Boomer,,,
1487,UIBP,27-Aug-93,37.65415,43.84746,0.14735,0.58609,Boomer,,,
1488,IHSX,30-Nov-08,37.37263,42.42513,0.14947,0.02134,Gen Z,,,
1489,EJGY,21-Jun-01,56.36234,55.86969,0.94141,0.76689,Gen Z,,,
1490,PLOG,5-May-90,28.49937,5.23475,0.73763,0.69043,Boomer,,,
1491,LJSI,21-Feb-19,23.70419,6.2506,0.54465,0.62995,Gen Z,,,
1492,BAJI,31-Oct-07,28.84832,1.17688,0.79558,0.54189,Gen Z,,,
1493,YHNR,30-Aug-92,67.74599,29.68621,0.80695,0.03121,Boomer,,,
1494,NIDW,6-Sep-21,57.16007,34.17592,0.08813,0.8772,Gen Z,,,
1495,PPDC,12-Sep-03,64.15238,32.76982,0.12313,0.57193,Gen Z,,,
1496,UZQI,17-Dec-07,25.49061,60.86858,0.6559,0.98743,Gen Z,,,
1497,WELN,25-Feb-19,16.58294,11.88838,0.69097,0.28299,Gen Z,,,
1498,TJJE,20-Sep-24,77.22926,8.73057,0.94812,0.51095,Gen Z,,,
1499,XAUB,4-Dec-78,73.51997,70.74765,0.25677,0.71775,Boomer,,,
1500,GAEW,23-Sep-02,89.96277,73.78154,0.4145,0.85459,Gen Z,,,
1501,NXCO,6-Feb-76,51.76937,85.85083,0.42322,0.64932,Boomer,,,
1502,UIVZ,20-Jul-75,79.62259,97.33604,0.87159,0.63407,Boomer,,,
1503,PYOK,22-Sep-22,59.30197,8.27465,0.97192,0.56623,Gen Z,,,
1504,PKWH,22-Jul-92,54.17825,81.44142,0.69589,0.42527,Boomer,,,
1505,XHBK,27-Sep-82,76.58428,86.92852,0.78881,0.85422,Boomer,,,
1506,WNNU,6-Feb-81,19.23175,80.74714,0.14342,0.51016,Boomer,,,
1507,KCFH,30-Oct-76,60.24083,58.76771,0.71523,0.26106,Boomer,,,
1508,JPPC,5-Nov-99,78.89782,80.59415,0.73232,0.54776,Boomer,,,
1509,CDGH,25-Mar-92,50.81804,12.09404,0.55184,0.92597,Boomer,,,
1510,EQAH,8-Jul-78,38.36914,61.42419,0.32924,0.82605,Boomer,,,
1511,FRNM,5-Oct-83,22.85515,98.71991,0.65448,0.85762,Boomer,,,
1512,BETK,8-Aug-01,86.52827,96.08675,0.72619,0.16103,Gen Z,,,
1513,OFHL,15-Feb-23,85.29098,54.69536,0.30115,0.84081,Gen Z,,,
1514,NJSY,3-Sep-01,77.41795,38.93198,0.74688,0.85394,Gen Z,,,
1515,XQVT,18-Apr-98,8.55668,89.11937,0.70083,0.8897,Boomer,,,
1516,QTAH,29-Oct-00,41.15255,18.29189,0.5169,0.55533,Gen Z,,,
1517,ITHT,13-Dec-95,9.74542,43.49835,0.88218,0.66524,Boomer,,,
1518,IKGQ,27-Feb-85,20.26832,83.44307,0.46133,0.4398,Boomer,,,
1519,JKEV,18-Jul-70,23.23089,85.85936,0.05812,0.70207,Boomer,,,
1520,CNHA,10-Jan-92,61.69206,57.35772,0.77772,0.27389,Boomer,,,
1521,BKRM,15-Mar-87,90.9223,17.1002,0.03375,0.46855,Boomer,,,
1522,AZGA,17-Feb-14,83.89344,41.5427,0.77124,0.09382,Gen Z,,,
1523,UWLV,8-Oct-97,60.34438,67.49214,0.60405,0.64911,Boomer,,,
1524,IHQW,18-Jun-84,89.54705,71.18833,0.66748,0.8053,Boomer,,,
1525,MGSU,28-Aug-23,67.17453,90.30311,0.86028,0.69851,Gen Z,,,
1526,ASYY,26-Apr-70,68.358,4.19757,0.79553,0.70604,Boomer,,,
1527,AVQD,24-Apr-07,25.92497,86.05021,0.78538,0.25723,Gen Z,,,
1528,GOYP,12-Mar-11,8.28141,8.24966,0.655,0.47321,Gen Z,,,
1529,VENV,20-Apr-22,87.85581,1.22772,0.62529,0.52852,Gen Z,,,
1530,NMMT,3-Feb-74,29.12861,3.93859,0.53777,0.35927,Boomer,,,
1531,NQWX,14-Jan-20,95.82556,36.77547,0.46344,0.52006,Gen Z,,,
1532,EAFH,22-Apr-72,2.38875,34.59031,0.22766,0.1268,Boomer,,,
1533,EHKV,16-May-88,29.325,76.02681,0.64348,0.20153,Boomer,,,
1534,NWLS,3-Jul-99,90.51039,70.92229,0.82187,0.57697,Boomer,,,
1535,GGPN,5-Oct-07,86.42097,71.78398,0.19679,0.21307,Gen Z,,,
1536,HWQB,17-Jul-71,19.06248,66.51742,0.54611,0.40264,Boomer,,,
1537,CJYY,8-May-91,97.9707,59.07612,0.77091,0.90681,Boomer,,,
1538,BQST,16-Aug-72,91.23136,52.82641,0.17733,0.84645,Boomer,,,
1539,DYVN,1-Dec-14,63.6956,23.82298,0.36972,0.79991,Gen Z,,,
1540,DFUV,30-Jul-81,64.79956,22.79655,0.34703,0.24334,Boomer,,,
1541,EQVD,5-Jul-20,27.83126,26.29108,0.90423,0.72473,Gen Z,,,
1542,CRXC,8-Mar-13,26.08347,1.09697,0.0092,0.74328,Gen Z,,,
1543,UKRF,17-May-11,76.13511,27.40176,0.6642,0.67057,Gen Z,,,
1544,KCGC,15-Dec-71,92.94435,16.22662,0.95962,0.57212,Boomer,,,
1545,PJTV,26-Oct-98,30.05502,54.69683,0.23524,0.15583,Boomer,,,
1546,JFDZ,18-Nov-72,29.51411,33.62123,0.83581,0.43735,Boomer,,,
1547,SGAG,7-Feb-83,49.56439,99.35643,0.90077,0.0016,Boomer,,,
1548,VXRS,16-Dec-08,70.35784,7.92581,0.0342,0.31611,Gen Z,,,
1549,MIMC,4-Jul-08,11.03242,99.36977,0.90493,0.39436,Gen Z,,,
1550,VOXM,2-Jun-88,91.04729,90.19675,0.313,0.44906,Boomer,,,
1551,VPBD,18-Aug-83,65.31853,77.0776,0.77389,0.06259,Boomer,,,
1552,QPPO,2-Mar-72,7.75382,55.93965,0.22372,0.98983,Boomer,,,
1553,OOZJ,9-Jun-87,22.45022,4.65053,0.2547,0.13408,Boomer,,,
1554,LREA,31-Jul-10,59.88657,75.28176,0.27163,0.63853,Gen Z,,,
1555,OJQS,24-Dec-98,27.43819,77.14783,0.61609,0.35566,Boomer,,,
1556,KIDC,26-Feb-09,17.07728,1.58195,0.16544,0.66954,Gen Z,,,
1557,JAGG,20-Apr-21,7.68841,20.24576,0.35334,0.35367,Gen Z,,,
1558,ZJXC,5-Jan-17,85.24426,7.84316,0.27974,0.51812,Gen Z,,,
1559,HCHX,10-Mar-19,91.18747,92.81237,0.64729,0.45846,Gen Z,,,
1560,JXVG,26-May-95,48.51339,96.15658,0.98215,0.55085,Boomer,,,
1561,EBTB,7-Jan-85,82.89506,59.47139,0.0734,0.41446,Boomer,,,
1562,XUKC,1-Sep-76,37.47675,14.77847,0.84469,0.30991,Boomer,,,
1563,KYAF,30-Oct-88,87.5962,99.03647,0.86727,0.29252,Boomer,,,
1564,DQWI,13-Feb-24,16.02996,87.23747,0.09622,0.10618,Gen Z,,,
1565,DZTR,26-Oct-87,40.45567,88.21982,0.25001,0.0244,Boomer,,,
1566,UNLW,2-Sep-98,5.6264,85.08738,0.23856,0.20798,Boomer,,,
1567,AGPL,15-Oct-19,46.52282,52.36491,0.26366,0.43884,Gen Z,,,
1568,ULZL,28-Jun-96,81.21719,48.99879,0.62274,0.57457,Boomer,,,
1569,GEJR,12-Jun-98,13.33046,62.36765,0.4609,0.66534,Boomer,,,
1570,GLAQ,7-Jul-13,24.47819,58.23876,0.11647,0.40312,Gen Z,,,
1571,QNWW,15-May-77,94.33799,76.21621,0.79086,0.9243,Boomer,,,
1572,JZBX,28-Nov-12,41.04757,33.69882,0.86649,0.35952,Gen Z,,,
1573,SWTE,19-Mar-94,33.03249,21.61401,0.41893,0.55856,Boomer,,,
1574,ANOC,29-Jul-14,67.90729,3.00138,0.28276,0.45184,Gen Z,,,
1575,AYNP,10-Mar-22,8.12937,97.50982,0.69627,0.77152,Gen Z,,,
1576,ISUN,14-Mar-84,50.07645,13.42127,0.44786,0.09542,Boomer,,,
1577,CXKE,23-Jul-88,56.20951,43.60231,0.07099,0.34696,Boomer,,,
1578,OGPT,9-Aug-80,37.54538,40.50931,0.33566,0.83751,Boomer,,,
1579,OHQE,18-Feb-20,34.51467,86.84547,0.8347,0.55148,Gen Z,,,
1580,BYPB,19-May-07,74.63385,38.7904,0.38956,0.17863,Gen Z,,,
1581,YHMX,29-Dec-85,66.23457,70.59241,0.04473,0.2554,Boomer,,,
1582,XKGK,18-Jul-08,96.50798,62.43751,0.5069,0.2374,Gen Z,,,
1583,TWFW,23-Nov-04,76.69365,7.48201,0.68911,0.79192,Gen Z,,,
1584,FFGP,3-Oct-08,46.7838,83.99292,0.58395,0.99458,Gen Z,,,
1585,UEYB,23-Sep-78,45.43094,12.77682,0.08382,0.52824,Boomer,,,
1586,BWDD,14-Jul-80,13.98538,21.93397,0.8061,0.27279,Boomer,,,
1587,SWAX,16-May-16,64.59991,70.37267,0.34872,0.20088,Gen Z,,,
1588,HGUO,8-Mar-98,76.28999,82.35362,0.3939,0.83749,Boomer,,,
1589,DTJG,6-Sep-19,93.51651,17.42243,0.15,0.25249,Gen Z,,,
1590,FINR,11-Nov-85,79.25118,80.40195,0.4562,0.7664,Boomer,,,
1591,ZSBG,5-Mar-80,70.57411,35.0731,0.16035,0.716,Boomer,,,
1592,PTJS,6-Apr-92,68.82906,5.73564,0.481,0.56462,Boomer,,,
1593,QAZL,7-Dec-05,26.12902,43.7106,0.99993,0.23231,Gen Z,,,
1594,ACAB,3-Feb-23,53.12755,10.32566,0.02616,0.93154,Gen Z,,,
1595,GVZX,1-Jan-08,39.65191,32.77773,0.5367,0.95555,Gen Z,,,
1596,TOVH,24-Mar-21,60.037,67.86916,0.40162,0.42572,Gen Z,,,
1597,JMCI,22-Nov-01,70.48588,96.95786,0.18534,0.8548,Gen Z,,,
1598,AWCG,15-Jul-21,88.21773,34.80437,0.40513,0.31263,Gen Z,,,
1599,DOBR,24-Aug-75,67.33766,80.35504,0.65102,0.01025,Boomer,,,
1600,CIWI,8-Jan-77,35.96854,77.39963,0.41377,0.52651,Boomer,,,
1601,KUPE,26-Dec-93,52.66532,50.50859,0.03548,0.5451,Boomer,,,
1602,UTZY,6-Jun-78,67.60744,44.89355,0.54356,0.29342,Boomer,,,
1603,HFJB,8-Jan-70,35.61618,63.77304,0.23902,0.62591,Boomer,,,
1604,JATD,15-Oct-79,91.30867,25.58283,0.80906,0.55997,Boomer,,,
1605,DBLN,18-Jun-10,3.7796,3.86596,0.22365,0.38444,Gen Z,,,
1606,AHFN,20-Feb-82,95.02718,5.62537,0.31615,0.74811,Boomer,,,
1607,RKAM,3-Jul-70,22.33691,32.22379,0.42809,0.87839,Boomer,,,
1608,ZUUZ,6-Jan-03,93.46238,82.06975,0.00178,0.03858,Gen Z,,,
1609,NCFY,31-Aug-13,66.33484,90.60385,0.32743,0.5027,Gen Z,,,
1610,EVRA,25-Feb-81,28.92205,72.88695,0.96349,0.38609,Boomer,,,
1611,JECG,4-Feb-94,91.25073,83.36138,0.50741,0.99223,Boomer,,,
1612,AXSE,3-Sep-14,11.52496,6.91751,0.17613,0.09415,Gen Z,,,
1613,LAHT,4-Jul-78,28.89129,93.75823,0.65043,0.21671,Boomer,,,
1614,RXVD,8-Aug-24,86.62876,50.16417,0.69844,0.39365,Gen Z,,,
1615,FNIK,18-Apr-92,59.34313,19.6277,0.35629,0.2235,Boomer,,,
1616,BZVI,4-Apr-94,4.46351,52.41965,0.09733,0.45442,Boomer,,,
1617,TBNC,9-Jun-12,26.57183,25.59825,0.94009,0.60987,Gen Z,,,
1618,RQHG,21-Apr-83,79.68245,90.62078,0.76269,0.59038,Boomer,,,
1619,JSID,6-Jan-16,46.69467,70.84039,0.40204,0.8405,Gen Z,,,
1620,TRAE,3-Feb-81,85.56222,65.35946,0.08983,0.83085,Boomer,,,
1621,SOCR,8-Feb-92,19.22134,1.00944,0.83297,0.10385,Boomer,,,
1622,TRAJ,17-Jul-16,99.57813,65.97604,0.02508,0.76085,Gen Z,,,
1623,WTMV,15-Jul-71,63.37237,79.76026,0.25102,0.75451,Boomer,,,
1624,OOJR,28-Dec-75,56.47422,41.23946,0.78797,0.41363,Boomer,,,
1625,EZKG,17-May-95,99.86508,4.25503,0.54739,0.53162,Boomer,,,
1626,ZWJV,30-Jan-84,55.19896,8.12495,0.8316,0.51683,Boomer,,,
1627,LETD,4-Jun-12,90.16275,56.74544,0.25963,0.78349,Gen Z,,,
1628,PWXC,6-May-23,72.70078,33.62928,0.46677,0.22559,Gen Z,,,
1629,JRDB,6-Aug-22,19.62005,86.20864,0.89848,0.0726,Gen Z,,,
1630,URTL,21-Aug-70,1.03515,44.27882,0.10378,0.14993,Boomer,,,
1631,COFU,12-Apr-13,28.71099,14.33838,0.97137,0.8048,Gen Z,,,
1632,FWVD,16-Jul-18,35.49613,92.12108,0.40201,0.2746,Gen Z,,,
1633,VPHB,1-Dec-01,97.28263,38.01914,0.9856,0.6303,Gen Z,,,
1634,NOKZ,18-Dec-10,98.36928,62.98586,0.28665,0.67121,Gen Z,,,
1635,FLWV,29-Jul-74,19.39186,40.69511,0.80262,0.45825,Boomer,,,
1636,DCEL,8-Sep-19,90.74979,58.14396,0.80309,0.32886,Gen Z,,,
1637,FVUI,17-Nov-01,1.05745,95.65588,0.65068,0.27533,Gen Z,,,
1638,SRXQ,19-Feb-03,79.45692,72.03733,0.78838,0.57136,Gen Z,,,
1639,RIDX,24-Jul-77,77.85311,63.28777,0.90128,0.73415,Boomer,,,
1640,AVAJ,19-Oct-04,25.41583,5.56821,0.08252,0.24856,Gen Z,,,
1641,TBTT,17-Sep-71,74.10732,99.06744,0.2259,0.27377,Boomer,,,
1642,KNVN,2-Nov-73,83.62173,9.87141,0.65754,0.33309,Boomer,,,
1643,MLMK,21-Apr-20,85.36413,25.40887,0.82887,0.73619,Gen Z,,,
1644,CSJX,15-Nov-86,51.18956,7.71424,0.11343,0.0571,Boomer,,,
1645,NVRN,17-Dec-95,35.23801,49.1302,0.63911,0.40849,Boomer,,,
1646,UPIY,22-Nov-09,59.64246,88.56238,0.32058,0.33577,Gen Z,,,
1647,NYAS,5-Jul-08,88.94657,52.61789,0.55521,0.72388,Gen Z,,,
1648,PDSV,8-Aug-06,86.64652,68.54984,0.17538,0.586,Gen Z,,,
1649,PCXA,5-Mar-24,95.29315,79.51877,0.25352,0.64605,Gen Z,,,
1650,RRGY,25-Jun-15,73.10384,65.2754,0.62072,0.34112,Gen Z,,,
1651,QXME,16-Jul-11,37.97605,29.83102,0.76237,0.35928,Gen Z,,,
1652,NAWF,5-Oct-84,97.87797,89.58808,0.42418,0.30858,Boomer,,,
1653,CIZI,4-Feb-94,28.96836,11.1205,0.93293,0.20072,Boomer,,,
1654,ITJS,7-Sep-06,5.73073,74.83434,0.20596,0.66488,Gen Z,,,
1655,ZXFT,14-Jan-85,71.39115,29.48151,0.4436,0.55559,Boomer,,,
1656,MQEU,29-Dec-78,81.29503,87.14798,0.78774,0.77324,Boomer,,,
1657,DURM,6-Oct-77,74.96614,27.74853,0.08681,0.58658,Boomer,,,
1658,KGRQ,13-Feb-19,57.65289,20.69389,0.6181,0.40012,Gen Z,,,
1659,UBXE,22-May-95,70.41238,31.186,0.49897,0.72,Boomer,,,
1660,JRVK,2-May-01,70.34048,34.81913,0.12031,0.10428,Gen Z,,,
1661,DZUA,22-Oct-22,49.30535,47.15929,0.21495,0.20825,Gen Z,,,
1662,RVJW,27-Sep-88,46.05969,87.39672,0.39736,0.17553,Boomer,,,
1663,CSZE,18-Dec-93,55.49752,5.14226,0.28067,0.84523,Boomer,,,
1664,VAQD,9-May-20,19.28308,4.93445,0.92929,0.41596,Gen Z,,,
1665,MMPQ,11-May-86,10.43538,97.81992,0.10139,0.14031,Boomer,,,
1666,YKEZ,14-May-00,94.33859,7.62638,0.02882,0.8281,Gen Z,,,
1667,MBCV,15-Oct-00,93.71634,40.51896,0.89082,0.66355,Gen Z,,,
1668,VBUD,3-Mar-12,80.21391,92.78588,0.30744,0.16451,Gen Z,,,
1669,IDSK,13-Feb-04,76.55628,52.36168,0.98182,0.56003,Gen Z,,,
1670,EXGQ,16-Jul-99,43.10416,13.17846,0.21097,0.80519,Boomer,,,
1671,PFIF,3-Nov-02,83.79771,62.85125,0.01199,0.32042,Gen Z,,,
1672,AJEG,4-Nov-73,23.65583,80.25026,0.20847,0.82602,Boomer,,,
1673,YGSW,26-Jun-86,82.38909,42.19326,0.32495,0.62976,Boomer,,,
1674,XGMZ,3-Aug-75,71.58458,63.59177,0.52781,0.44083,Boomer,,,
1675,FFJK,19-Jun-16,44.07341,65.77399,0.5473,0.31819,Gen Z,,,
1676,YKPW,13-Feb-74,80.31896,85.19123,0.34834,0.13839,Boomer,,,
1677,NCBW,13-Sep-12,45.81714,24.92378,0.17339,0.2008,Gen Z,,,
1678,BWFD,11-Mar-85,5.40641,66.11826,0.34946,0.36634,Boomer,,,
1679,ZGJT,9-Oct-12,85.27236,95.68366,0.0236,0.52071,Gen Z,,,
1680,YWGJ,22-Mar-13,33.45468,27.13529,0.82642,0.53228,Gen Z,,,
1681,HTCY,5-Nov-23,73.79997,32.77784,0.61467,0.11208,Gen Z,,,
1682,CIYQ,25-Oct-21,23.78027,13.05603,0.96805,0.20339,Gen Z,,,
1683,NHMQ,23-Jan-04,2.47218,25.66738,0.46834,0.48796,Gen Z,,,
1684,UISB,7-Jul-70,67.62028,18.15773,0.09018,0.91097,Boomer,,,
1685,RDYZ,16-Feb-72,89.48513,5.83856,0.16437,0.31514,Boomer,,,
1686,TOVG,25-Jan-04,11.93225,24.26042,0.43014,0.21355,Gen Z,,,
1687,DLPI,22-Jan-91,84.43225,32.22656,0.12576,0.65359,Boomer,,,
1688,ZMZI,6-Jul-14,27.68423,13.46782,0.97372,0.77178,Gen Z,,,
1689,KXDM,5-Nov-13,1.87638,28.54207,0.39916,0.11016,Gen Z,,,
1690,MBBY,23-Jul-23,7.53402,69.79005,0.0726,0.19283,Gen Z,,,
1691,HNIB,15-Nov-91,95.79923,68.7108,0.83475,0.47191,Boomer,,,
1692,ZQOU,15-Dec-95,11.78679,59.61799,0.17291,0.83342,Boomer,,,
1693,RFAZ,17-Feb-77,54.47194,69.40473,0.5869,0.0414,Boomer,,,
1694,NJQP,12-Jul-19,76.12655,29.28478,0.73288,0.89431,Gen Z,,,
1695,HTLO,14-May-11,23.56993,62.2289,0.55152,0.338,Gen Z,,,
1696,EDJA,13-Oct-95,36.16381,28.87327,0.22273,0.04207,Boomer,,,
1697,XTAC,19-Mar-93,61.31663,60.16676,0.60689,0.08036,Boomer,,,
1698,MOUW,13-Aug-81,37.41735,47.81923,0.48646,0.5933,Boomer,,,
1699,HJXG,5-Jul-73,94.23885,10.2447,0.90889,0.27922,Boomer,,,
1700,MCLC,1-Oct-70,44.22542,9.11079,0.89021,0.89118,Boomer,,,
1701,QVHU,13-Jun-96,3.75262,93.41648,0.47554,0.39703,Boomer,,,
1702,YPIS,27-Feb-00,83.61203,32.21505,0.02586,0.72905,Gen Z,,,
1703,FYQQ,26-Mar-89,42.8367,84.00969,0.92649,0.19547,Boomer,,,
1704,KNSN,27-Dec-89,8.97894,18.96733,0.53151,0.67313,Boomer,,,
1705,LARL,6-Oct-09,33.86129,5.8009,0.39776,0.63251,Gen Z,,,
1706,FEQI,21-Mar-76,13.25484,91.16027,0.94181,0.38171,Boomer,,,
1707,FKQG,10-Oct-82,48.54141,59.72669,0.63434,0.39207,Boomer,,,
1708,CKJN,6-Mar-86,40.41239,54.86716,0.20359,0.87832,Boomer,,,
1709,PSKQ,7-Jan-92,60.70241,25.54523,0.84132,0.0071,Boomer,,,
1710,FTMM,10-Sep-02,35.00612,92.43735,0.20758,0.08794,Gen Z,,,
1711,CCNO,2-Mar-98,9.84776,61.41885,0.15959,0.81673,Boomer,,,
1712,YFMP,29-Dec-78,13.89691,3.13684,0.0792,0.21224,Boomer,,,
1713,OGAN,12-Oct-79,46.22475,63.2156,0.93914,0.06987,Boomer,,,
1714,ZDSN,20-Dec-24,70.63723,15.16085,0.50978,0.99903,Gen Z,,,
1715,FJDO,26-Jan-15,76.05564,91.40987,0.21815,0.72935,Gen Z,,,
1716,IIFA,7-Sep-71,34.95333,32.71691,0.75987,0.10175,Boomer,,,
1717,JGVG,20-Apr-73,67.21264,94.14579,0.26815,0.60051,Boomer,,,
1718,NVMB,26-Aug-77,67.54763,13.55274,0.23949,0.10315,Boomer,,,
1719,IGBO,5-Dec-92,77.3913,58.86978,0.99963,0.49402,Boomer,,,
1720,ZFAZ,24-Apr-76,71.97895,78.1827,0.40409,0.01832,Boomer,,,
1721,IHTZ,22-May-04,94.17262,51.55435,0.08474,0.90859,Gen Z,,,
1722,UXQG,19-Jul-93,35.84842,83.52973,0.80397,0.42013,Boomer,,,
1723,JACX,20-Dec-90,13.34074,61.5384,0.74632,0.42813,Boomer,,,
1724,GKNX,5-Mar-05,57.11499,55.8456,0.21752,0.1647,Gen Z,,,
1725,AQYV,30-Jan-07,88.61656,33.98274,0.17984,0.1488,Gen Z,,,
1726,LDMI,21-Sep-73,31.13253,67.62739,0.62569,0.99065,Boomer,,,
1727,LELF,28-Oct-79,51.79213,75.4792,0.53938,0.07078,Boomer,,,
1728,YCYN,17-Oct-91,74.23442,22.0848,0.97338,0.04934,Boomer,,,
1729,KXDI,13-Jun-22,95.86391,85.38193,0.41596,0.39312,Gen Z,,,
1730,DYPT,29-Mar-18,47.13716,42.81513,0.96144,0.7553,Gen Z,,,
1731,JHPH,1-Oct-23,49.54051,32.65147,0.47191,0.4304,Gen Z,,,
1732,XOQF,4-Aug-90,78.28207,16.04793,0.49559,0.7402,Boomer,,,
1733,YZDK,17-Jan-79,13.78695,41.555,0.54691,0.93206,Boomer,,,
1734,KDHN,13-Jun-92,80.99574,6.05485,0.87566,0.58876,Boomer,,,
1735,QDFC,11-Feb-87,22.32793,48.8251,0.14675,0.36585,Boomer,,,
1736,OLGA,23-Apr-17,7.48826,87.84796,0.43359,0.59984,Gen Z,,,
1737,TRLX,16-Feb-11,95.83167,22.79677,0.49519,0.65964,Gen Z,,,
1738,DTUK,8-May-07,51.51731,44.46308,0.02144,0.80219,Gen Z,,,
1739,ZSEA,3-Jun-09,86.62175,29.38472,0.859,0.0108,Gen Z,,,
1740,HNIT,2-Jan-90,86.49517,97.17814,0.01741,0.99326,Boomer,,,
1741,WDHN,19-Sep-13,25.12951,94.62059,0.24038,0.60391,Gen Z,,,
1742,UGSC,17-Nov-15,44.08245,74.50129,0.7045,0.002,Gen Z,,,
1743,AZQC,4-May-90,59.21992,29.10352,0.41343,0.90252,Boomer,,,
1744,HHXW,30-May-88,45.98187,80.5996,0.83656,0.14001,Boomer,,,
1745,GXON,5-Aug-74,71.85413,84.41564,0.57141,0.98404,Boomer,,,
1746,WZZV,14-May-22,4.6578,64.9642,0.75373,0.1164,Gen Z,,,
1747,JCAQ,8-Aug-08,86.51813,21.81704,0.55782,0.43914,Gen Z,,,
1748,HQIN,2-Feb-15,67.44307,96.35361,0.15183,0.81082,Gen Z,,,
1749,INZJ,24-Dec-97,74.96223,46.07818,0.1571,0.9787,Boomer,,,
1750,WYUP,1-Oct-18,31.25878,64.41557,0.51094,0.13389,Gen Z,,,
1751,JXDY,22-Jul-10,71.7612,36.20978,0.84791,0.42837,Gen Z,,,
1752,OHUW,21-Nov-12,32.37689,71.81948,0.62791,0.50835,Gen Z,,,
1753,XFTK,23-Oct-83,52.87904,20.88349,0.3408,0.32838,Boomer,,,
1754,DWQZ,23-Sep-16,65.82279,2.14606,0.44799,0.27502,Gen Z,,,
1755,AZUH,15-Jan-14,47.24802,79.85763,0.11583,0.28663,Gen Z,,,
1756,OESI,3-Aug-20,38.18235,32.22424,0.0334,0.70324,Gen Z,,,
1757,BCWJ,26-Jan-19,47.59808,85.81032,0.70824,0.99527,Gen Z,,,
1758,UEGS,13-Oct-75,71.50936,65.40406,0.48455,0.92693,Boomer,,,
1759,DRGM,3-Oct-07,27.05075,67.74787,0.52225,0.18484,Gen Z,,,
1760,MIXP,24-Aug-11,66.33043,64.97128,0.50533,0.50721,Gen Z,,,
1761,DCIW,18-May-96,36.79066,53.54168,0.95038,0.87921,Boomer,,,
1762,NIVI,9-Apr-17,58.65584,91.35202,0.96095,0.62939,Gen Z,,,
1763,ZLXN,29-Oct-06,38.7017,59.83231,0.66948,0.1376,Gen Z,,,
1764,FHXX,29-Sep-79,89.31777,87.78157,0.17258,0.94478,Boomer,,,
1765,JZOD,29-Jan-92,21.99211,2.35527,0.82438,0.7093,Boomer,,,
1766,ZEXV,20-Jun-79,80.3495,65.13032,0.13684,0.23358,Boomer,,,
1767,EOKB,9-Jun-23,16.39767,86.12836,0.46202,0.48175,Gen Z,,,
1768,AZIY,31-Jan-10,86.40171,47.37947,0.16073,0.68729,Gen Z,,,
1769,BSUO,8-Aug-74,6.50084,48.4105,0.47372,0.69163,Boomer,,,
1770,DVNB,17-Sep-18,61.07517,95.69977,0.43547,0.45141,Gen Z,,,
1771,XNXK,14-Jul-93,32.79493,51.56618,0.87694,0.76192,Boomer,,,
1772,YQDG,11-Jun-02,79.42834,76.72834,0.27506,0.9849,Gen Z,,,
1773,OASX,26-Aug-91,79.17115,53.86994,0.19632,0.62031,Boomer,,,
1774,IJKD,1-Jan-95,60.02684,89.72958,0.29971,0.26068,Boomer,,,
1775,MHYI,30-Aug-03,26.44356,54.29898,0.10935,0.35312,Gen Z,,,
1776,MAAV,10-Dec-07,83.90298,83.98993,0.25264,0.04739,Gen Z,,,
1777,RZGU,13-Apr-97,86.76679,80.24579,0.06799,0.26983,Boomer,,,
1778,VZFZ,21-Sep-18,45.86585,95.34885,0.60352,0.34594,Gen Z,,,
1779,ZCKT,12-Nov-84,26.04943,74.50492,0.73811,0.35522,Boomer,,,
1780,BDSA,6-May-93,15.29626,90.39983,0.54018,0.58384,Boomer,,,
1781,ODHC,3-Dec-86,70.27716,35.42704,0.37377,0.46307,Boomer,,,
1782,STDV,17-Jun-15,86.05457,80.8664,0.93318,0.23873,Gen Z,,,
1783,YYGA,20-Sep-07,38.73288,81.79629,0.64686,0.9424,Gen Z,,,
1784,LFLX,21-Jun-76,75.13111,48.71035,0.72973,0.69421,Boomer,,,
1785,ELDA,19-Jul-06,36.78321,22.42106,0.03664,0.72621,Gen Z,,,
1786,KAUA,10-Jun-12,17.85345,58.07087,0.88975,0.69734,Gen Z,,,
1787,ZZMK,30-Jan-05,42.9183,86.7665,0.42726,0.85318,Gen Z,,,
1788,TSFE,18-Jun-96,68.69006,23.52833,0.05847,0.67733,Boomer,,,
1789,DMXQ,2-May-17,86.73919,18.08748,0.1778,0.34722,Gen Z,,,
1790,IYLB,4-Nov-06,17.60318,97.99029,0.08743,0.23581,Gen Z,,,
1791,RBTY,22-Sep-93,20.85496,83.24843,0.14218,0.89706,Boomer,,,
1792,SKCO,10-Jul-92,17.19032,89.65555,0.40808,0.04671,Boomer,,,
1793,MWSQ,12-Oct-88,72.50784,82.79758,0.44313,0.43409,Boomer,,,
1794,VSSX,16-Nov-73,81.57551,25.54595,0.94927,0.50333,Boomer,,,
1795,HMVE,11-Feb-12,47.68475,9.79281,0.90437,0.67192,Gen Z,,,
1796,KGZV,23-Jan-02,89.5987,50.5173,0.77448,0.16969,Gen Z,,,
1797,RPCR,12-Feb-16,46.36523,38.35925,0.9214,0.07524,Gen Z,,,
1798,GASV,20-Mar-71,41.60281,22.471,0.65265,0.54411,Boomer,,,
1799,MGQW,22-Dec-11,93.33362,23.76696,0.45619,0.83118,Gen Z,,,
1800,JXTE,5-Apr-82,13.73359,26.26998,0.97084,0.73459,Boomer,,,
1801,PLBT,26-Dec-88,90.91931,78.64188,0.99733,0.906,Boomer,,,
1802,GKBR,8-Jun-85,72.67418,54.69023,0.1232,0.42282,Boomer,,,
1803,SMKH,28-Jan-72,76.96941,92.93713,0.87169,0.81512,Boomer,,,
1804,PIXG,18-Aug-02,27.53065,58.24704,0.53064,0.06834,Gen Z,,,
1805,OCSV,12-Dec-91,9.42627,45.94626,0.02281,0.22718,Boomer,,,
1806,IMZH,28-Dec-91,85.55905,23.20555,0.38091,0.32298,Ja? Kapela,,,
1807,OFVW,8-Jul-79,82.86816,8.5878,0.88295,0.96819,Boomer,,,
1808,YWIO,3-Dec-77,71.29413,30.2297,0.85526,0.40001,Boomer,,,
1809,SPMD,17-Dec-03,21.20953,88.58065,0.13388,0.02691,Gen Z,,,
1810,XGQE,22-Feb-97,64.83691,22.24752,0.473,0.96926,Boomer,,,
1811,GMFI,21-Jun-81,24.54753,48.95364,0.66861,0.71193,Boomer,,,
1812,ZGAP,17-Apr-06,90.68992,49.19361,0.18197,0.86067,Gen Z,,,
1813,CUFP,29-Apr-82,89.39495,29.98027,0.96688,0.28734,Boomer,,,
1814,CMLU,2-Dec-13,10.5876,54.79845,0.80541,0.59948,Gen Z,,,
1815,NAHZ,24-Dec-71,53.11941,58.60598,0.05997,0.21992,Boomer,,,
1816,LUSA,7-Sep-03,8.82557,74.83734,0.42346,0.5447,Gen Z,,,
1817,QHBS,25-Dec-20,5.58851,84.52531,0.8414,0.13872,Gen Z,,,
1818,JDYZ,20-Sep-08,87.202,77.98732,0.20463,0.37204,Ciotka,,,
1819,KSHL,7-Apr-04,4.16512,34.73341,0.37603,0.74373,Gen Z,,,
1820,JEXW,11-Jun-83,50.14464,35.12907,0.80556,0.81272,Boomer,,,
1821,CABP,20-Sep-87,66.68427,65.62484,0.92188,0.6507,Boomer,,,
1822,YYOG,11-Oct-71,47.77893,76.04812,0.46072,0.7621,Boomer,,,
1823,IQMZ,19-Feb-06,92.04904,55.84964,0.31559,0.70764,Gen Z,,,
1824,SBTJ,9-May-86,76.76407,35.93487,0.73306,0.82724,Boomer,,,
1825,FVGJ,16-Oct-77,43.08736,56.11467,0.03015,0.82746,Boomer,,,
1826,JJZG,12-Nov-79,88.09953,96.67856,0.8689,0.85763,Boomer,,,
1827,PQJM,10-May-78,81.09259,68.36481,0.54431,0.50382,Boomer,,,
1828,VIYY,23-Mar-70,21.40413,76.1238,0.10173,0.94137,Boomer,,,
1829,AACC,7-Nov-70,62.10667,32.04301,0.72002,0.12608,Boomer,,,
1830,VCEZ,2-Dec-70,18.51674,86.55075,0.57263,0.59809,Boomer,,,
1831,CYWB,31-Jan-73,32.97657,5.2334,0.91844,0.5877,Boomer,,,
1832,ADCP,6-Jan-80,78.14756,33.78642,0.80112,0.51351,Boomer,,,
1833,VVES,28-Nov-00,79.75898,61.66168,0.26702,0.35639,Gen Z,,,
1834,NFWU,13-Mar-11,81.81844,62.73171,0.76502,0.26154,Gen Z,,,
1835,HSEN,13-Jan-92,73.52636,11.1723,0.45912,0.46592,Boomer,,,
1836,YAWE,9-Sep-92,5.72292,68.6114,0.22969,0.85795,Boomer,,,
1837,DYHR,,6.58884,66.4707,0.68623,0.62604,Boomer,,,
1838,PHMI,1-Oct-81,22.21671,52.32812,0.14797,0.52119,Boomer,,,
1839,LHGM,19-Apr-01,22.79245,93.69468,0.2809,0.92265,Gen Z,,,
1840,KDXX,6-Feb-02,7.76762,51.14777,0.6465,0.79256,Gen Z,,,
1841,THRL,31-Aug-02,74.87841,38.27777,0.55012,,Gen Z,,,
1842,STDU,4-Jul-93,19.59144,76.93773,0.31512,0.47304,Boomer,,,
1843,MGAG,23-Jul-15,39.63383,51.75872,0.15774,0.2306,Gen Z,,,
1844,QTIM,3-Feb-91,98.15334,63.32077,0.90027,0.44541,Boomer,,,
1845,AVFQ,27-Oct-04,24.00784,57.173,0.08401,0.70469,Gen Z,,,
1846,KEHJ,9-Oct-95,87.77904,99.14289,0.39372,0.09642,Boomer,,,
1847,HDGJ,19-Aug-73,2.66774,78.30683,0.75949,0.24907,Boomer,,,
1848,VCYR,18-May-19,44.41502,92.67716,0.9063,0.68566,Gen Z,,,
1849,YAOO,25-Jun-04,27.35086,55.94438,0.30172,0.42207,Gen Z,,,
1850,NXWS,30-Apr-24,11.77518,73.7024,0.29431,0.32033,Gen Z,,,
1851,HFDJ,9-Sep-10,53.03314,55.18162,0.36248,0.46058,Gen Z,,,
1852,SVQU,11-Dec-23,56.0732,60.88153,0.31235,0.81937,Gen Z,,,
1853,ZBYF,3-Dec-22,92.30493,61.51739,0.23802,0.00463,Gen Z,,,
1854,XPQE,27-Jul-76,59.95456,8.40066,0.90033,0.56394,Boomer,,,
1855,ZCAU,11-Feb-92,37.60756,28.99779,0.81202,0.97766,Boomer,,,
1856,QFOC,3-Feb-88,68.59817,79.74425,0.1509,0.58334,Boomer,,,
1857,GFZP,25-Jun-99,26.33469,3.81405,0.66033,0.02832,Boomer,,,
1858,FAFJ,9-Jul-92,28.11637,47.09891,0.64789,0.119,Boomer,,,
1859,YGDV,6-Dec-02,32.94894,74.89954,0.21413,0.48497,Gen Z,,,
1860,IPWA,23-Aug-24,10.70889,87.46697,0.37841,0.43302,Gen Z,,,
1861,MUJA,17-Jan-07,5.43666,26.16631,0.13081,0.99558,Gen Z,,,
1862,EMZS,12-Oct-74,43.07926,78.71338,0.58472,0.48924,Boomer,,,
1863,PFJH,19-Oct-97,44.91135,41.88748,0.57122,0.04446,Boomer,,,
1864,JKXK,18-Jul-22,89.69796,56.79907,0.76823,0.79512,Gen Z,,,
1865,TWLK,5-Dec-70,20.45103,93.43,0.68615,0.08544,Boomer,,,
1866,QLPT,28-Oct-80,75.1087,20.0761,0.99612,0.33441,Boomer,,,
1867,QCOJ,20-Jan-00,56.75197,57.91872,0.07554,0.23573,Gen Z,,,
1868,YBSP,13-Jul-21,25.74247,81.15125,0.71696,0.34375,Gen Z,,,
1869,JGPI,25-Mar-84,94.64911,52.52813,0.28577,0.59303,Boomer,,,
1870,QNPK,21-Dec-99,12.88476,10.06796,0.61282,0.95743,Boomer,,,
1871,REFF,21-Mar-99,63.63307,64.76482,0.68606,0.68873,Boomer,,,
1872,WGGU,11-Nov-99,86.83541,30.4023,0.13153,0.24386,Boomer,,,
1873,DXHN,22-Aug-93,2.91889,52.73838,0.88675,0.66738,Boomer,,,
1874,XPCP,27-Jan-03,67.05397,39.30934,0.63893,0.63312,Gen Z,,,
1875,SZLH,21-Sep-98,48.98117,57.04663,0.73314,0.81563,Boomer,,,
1876,DBIS,21-Nov-78,56.64932,75.85791,0.14262,0.90603,Boomer,,,
1877,MCTF,26-Feb-12,86.77839,89.27445,0.08136,0.03103,Gen Z,,,
1878,NYQF,15-Sep-89,18.02356,75.65641,0.83857,0.682,Boomer,,,
1879,WKJS,12-Aug-80,91.23719,93.96502,0.92842,0.90425,Boomer,,,
1880,TGKY,16-Oct-21,3.49842,63.06859,0.17511,0.11829,Gen Z,,,
1881,BBXY,1-Jun-00,65.23198,24.39341,0.23117,0.32535,Gen Z,,,
1882,HFIC,4-May-05,84.79034,74.07445,0.71649,0.6994,Gen Z,,,
1883,EUHU,12-Jun-70,68.98635,2.95337,0.51184,0.9846,Boomer,,,
1884,ENPY,7-May-88,47.67287,7.86159,0.57996,0.13808,Boomer,,,
1885,JEYE,29-Mar-99,75.74238,39.11576,0.26632,0.1579,Boomer,,,
1886,PBHD,13-Jul-03,40.34928,42.8475,0.1683,0.37583,Gen Z,,,
1887,KBSE,20-Apr-97,45.97205,70.62042,0.23377,0.01231,Boomer,,,
1888,PVAX,10-Dec-01,22.05885,42.24932,0.32706,0.39145,Gen Z,,,
1889,RHSP,29-Jan-95,46.3819,49.55729,0.67512,0.9212,Boomer,,,
1890,NIPX,17-Aug-72,26.28528,52.60222,0.04674,0.5818,Boomer,,,
1891,ECVT,16-Mar-76,26.59073,64.11925,0.80784,0.55856,Boomer,,,
1892,XPLI,31-May-02,45.6107,68.17988,0.21015,0.69399,Gen Z,,,
1893,XPIJ,17-Sep-18,25.54334,74.60773,0.37582,0.37696,Gen Z,,,
1894,AMVZ,29-Oct-81,95.45769,35.49751,0.3353,0.92413,Boomer,,,
1895,FJHV,9-Feb-05,43.5368,9.26994,0.17799,0.5751,Gen Z,,,
1896,HJCZ,2-Oct-89,11.4142,20.46425,0.70726,0.55681,Boomer,,,
1897,OKJA,29-Jul-05,67.64753,75.54268,0.17805,0.53731,Gen Z,,,
1898,TCFA,24-Mar-01,22.78076,72.88403,0.68204,0.58996,Gen Z,,,
1899,UWFR,26-Sep-80,21.26054,62.53266,0.67642,0.30678,Boomer,,,
1900,PLEI,5-Oct-72,54.86432,44.16671,0.95689,0.14626,Boomer,,,
1901,NFEE,22-Jun-06,5.01888,49.01968,0.919,0.66992,Gen Z,,,
1902,KIAA,28-Jun-10,30.90226,42.32628,0.90048,0.57501,Gen Z,,,
1903,YRMT,2-Oct-01,33.71397,84.9629,0.36381,0.88238,Gen Z,,,
1904,CGNW,27-Dec-97,65.42044,76.70049,0.81935,0.68966,Boomer,,,
1905,WZMK,2-Sep-13,54.75654,35.311,0.60114,0.78321,Gen Z,,,
1906,LUEY,1-Aug-76,11.25607,38.248,0.70812,0.28663,Boomer,,,
1907,VQHV,22-Nov-16,65.02707,6.79015,0.65416,0.25597,Gen Z,,,
1908,MYGE,14-Dec-73,61.44201,98.63446,0.85059,0.00013,Boomer,,,
1909,JKPI,25-Sep-91,9.11605,11.62802,0.13552,0.04332,Boomer,,,
1910,PZIA,10-Mar-70,26.85331,52.36633,0.23632,0.65315,Boomer,,,
1911,WHBO,5-Aug-20,12.32845,60.72687,0.14856,0.16039,Gen Z,,,
1912,PHPC,24-Apr-08,44.20609,6.59317,0.07486,0.37013,Gen Z,,,
1913,ICGR,18-Jul-86,36.54802,49.94444,0.91516,0.53651,Boomer,,,
1914,RCFT,22-Feb-95,60.95486,87.1015,0.18317,0.70249,Boomer,,,
1915,YBNG,19-Jun-83,83.12092,44.75501,0.29816,0.776,Boomer,,,
1916,WBGM,21-May-13,92.04085,2.03183,0.07111,0.12559,Gen Z,,,
1917,BQXJ,25-Dec-89,48.6935,97.14986,0.91401,0.86024,Boomer,,,
1918,VEFJ,17-Jul-09,60.04442,41.13429,0.37412,0.68286,Gen Z,,,
1919,ZBGI,10-Nov-18,83.70144,31.34006,0.19838,0.63792,Gen Z,,,
1920,WEAP,19-Jan-89,83.09427,47.55126,0.04586,0.14451,Boomer,,,
1921,RPKY,18-Feb-95,40.91355,85.26244,0.69747,0.57211,Boomer,,,
1922,VKBI,11-Jun-17,93.5128,48.95526,0.47782,0.02149,Gen Z,,,
1923,COTG,30-May-02,72.38559,34.74869,0.68971,0.24318,Gen Z,,,
1924,ATCG,16-Aug-07,52.01844,47.45049,0.28946,0.74077,Gen Z,,,
1925,KJTQ,4-May-71,32.27487,81.80194,0.64116,0.30366,Boomer,,,
1926,NJCK,29-Jul-05,31.83895,88.65143,0.23347,0.08546,Gen Z,,,
1927,LKJB,11-Feb-78,49.98605,99.9871,0.49634,0.3507,Boomer,,,
1928,SXRH,31-May-75,97.09634,67.02716,0.7139,0.37406,Boomer,,,
1929,TSHW,10-Oct-80,18.65372,16.35332,0.22605,0.90196,Boomer,,,
1930,GMMR,20-Jun-09,83.08334,42.55802,0.93982,0.67159,Gen Z,,,
1931,LGMO,27-Jul-82,63.10228,10.69595,0.35837,0.65825,Boomer,,,
1932,JEYB,1-Nov-87,10.45731,32.35367,0.92721,0.0509,Boomer,,,
1933,MAMK,16-Jul-95,60.18745,54.07295,0.23268,0.57939,Boomer,,,
1934,IEIZ,1-Jul-12,3.67572,87.9202,0.36,0.42507,Gen Z,,,
1935,UOLI,27-Aug-18,89.90695,89.98099,0.85581,0.10573,Gen Z,,,
1936,HONG,3-Feb-92,86.22412,34.6901,0.15925,0.24645,Boomer,,,
1937,GRUJ,17-Dec-00,77.65407,21.86254,0.13893,0.08466,Gen Z,,,
1938,BKPK,8-Dec-88,50.81974,93.03838,0.65258,0.71169,Boomer,,,
1939,KXKZ,1-Jan-71,47.93657,65.45718,0.24209,0.68062,Boomer,,,
1940,XCOD,15-Sep-16,75.04141,46.07928,0.65151,0.05369,Gen Z,,,
1941,ZDWM,17-Apr-73,75.05623,90.37057,0.10031,0.19284,Boomer,,,
1942,VNXM,19-Dec-19,18.91869,77.6601,0.69158,0.85187,Gen Z,,,
1943,UATV,2-Mar-71,44.97931,97.36268,0.63052,0.48912,Boomer,,,
1944,SNDY,10-Mar-15,63.77154,54.04136,0.38234,0.19347,Gen Z,,,
1945,FAPB,18-Dec-01,76.19257,14.47306,0.76238,0.93849,Gen Z,,,
1946,XRIS,21-Jul-20,94.44101,45.43472,0.22268,0.26266,Gen Z,,,
1947,SDPZ,27-Jun-24,88.18154,9.69376,0.64484,0.49275,Gen Z,,,
1948,CAFL,28-Oct-95,22.11844,13.09433,0.92855,0.49794,Boomer,,,
1949,RTKC,27-Dec-74,62.73425,76.82344,0.40921,0.28516,Boomer,,,
1950,JMDX,18-Jul-73,15.97104,13.35365,0.54161,0.46215,Boomer,,,
1951,JDNA,4-Oct-85,35.43836,13.64234,0.01015,0.37781,Boomer,,,
1952,MDBV,6-Nov-00,82.33823,96.50681,0.58889,0.66248,Gen Z,,,
1953,ZUKX,26-Sep-91,56.9468,20.0615,0.71844,0.95006,Boomer,,,
1954,QSUZ,7-Jan-22,18.38616,52.34513,0.49327,0.58336,Gen Z,,,
1955,IWER,3-Apr-02,45.81428,54.84084,0.56665,0.91005,Gen Z,,,
1956,IMCC,23-May-17,63.1491,75.55692,0.1413,0.29235,Gen Z,,,
1957,WZVY,23-Dec-70,38.81218,67.80283,0.38059,0.7367,Boomer,,,
